rate_date,currency,units_per_eur
2025-01-02,CHF,0.9371
2025-01-02,GBP,0.83118
2025-01-02,USD,1.0321
2025-01-03,CHF,0.9362
2025-01-03,GBP,0.82993
2025-01-03,USD,1.0299
2025-01-06,CHF,0.9396
2025-01-06,GBP,0.83098
2025-01-06,USD,1.0426
2025-01-07,CHF,0.9426
2025-01-07,GBP,0.82915
2025-01-07,USD,1.0393
2025-01-08,CHF,0.9379
2025-01-08,GBP,0.83403
2025-01-08,USD,1.0286
2025-01-09,CHF,0.9397
2025-01-09,GBP,0.83808
2025-01-09,USD,1.0305
2025-01-10,CHF,0.9416
2025-01-10,GBP,0.83693
2025-01-10,USD,1.0304
2025-01-13,CHF,0.9346
2025-01-13,GBP,0.8416
2025-01-13,USD,1.0198
2025-01-14,CHF,0.9395
2025-01-14,GBP,0.84288
2025-01-14,USD,1.0245
2025-01-15,CHF,0.9394
2025-01-15,GBP,0.84313
2025-01-15,USD,1.03
2025-01-16,CHF,0.9376
2025-01-16,GBP,0.84258
2025-01-16,USD,1.0272
2025-01-17,CHF,0.9394
2025-01-17,GBP,0.84453
2025-01-17,USD,1.0298
2025-01-20,CHF,0.9429
2025-01-20,GBP,0.84588
2025-01-20,USD,1.0316
2025-01-21,CHF,0.9427
2025-01-21,GBP,0.84553
2025-01-21,USD,1.0357
2025-01-22,CHF,0.9449
2025-01-22,GBP,0.84466
2025-01-22,USD,1.0443
2025-01-23,CHF,0.9442
2025-01-23,GBP,0.84468
2025-01-23,USD,1.0404
2025-01-24,CHF,0.9494
2025-01-24,GBP,0.84413
2025-01-24,USD,1.0472
2025-01-27,CHF,0.9453
2025-01-27,GBP,0.84106
2025-01-27,USD,1.053
2025-01-28,CHF,0.9441
2025-01-28,GBP,0.83868
2025-01-28,USD,1.0421
2025-01-29,CHF,0.943
2025-01-29,GBP,0.83723
2025-01-29,USD,1.0396
2025-01-30,CHF,0.9441
2025-01-30,GBP,0.83685
2025-01-30,USD,1.0403
2025-01-31,CHF,0.9449
2025-01-31,GBP,0.83608
2025-01-31,USD,1.0393
2025-02-03,CHF,0.9393
2025-02-03,GBP,0.83136
2025-02-03,USD,1.0274
2025-02-04,CHF,0.9396
2025-02-04,GBP,0.83188
2025-02-04,USD,1.0335
2025-02-05,CHF,0.9395
2025-02-05,GBP,0.83085
2025-02-05,USD,1.0422
2025-02-06,CHF,0.9385
2025-02-06,GBP,0.83688
2025-02-06,USD,1.036
2025-02-07,CHF,0.9418
2025-02-07,GBP,0.83353
2025-02-07,USD,1.0377
2025-02-10,CHF,0.9396
2025-02-10,GBP,0.83283
2025-02-10,USD,1.032
2025-02-11,CHF,0.9429
2025-02-11,GBP,0.83355
2025-02-11,USD,1.0324
2025-02-12,CHF,0.9457
2025-02-12,GBP,0.83338
2025-02-12,USD,1.037
2025-02-13,CHF,0.9421
2025-02-13,GBP,0.83313
2025-02-13,USD,1.039
2025-02-14,CHF,0.9442
2025-02-14,GBP,0.83215
2025-02-14,USD,1.0478
2025-02-17,CHF,0.944
2025-02-17,GBP,0.83133
2025-02-17,USD,1.0473
2025-02-18,CHF,0.9425
2025-02-18,GBP,0.83025
2025-02-18,USD,1.0447
2025-02-19,CHF,0.9435
2025-02-19,GBP,0.82838
2025-02-19,USD,1.0434
2025-02-20,CHF,0.9423
2025-02-20,GBP,0.82823
2025-02-20,USD,1.0443
2025-02-21,CHF,0.942
2025-02-21,GBP,0.8276
2025-02-21,USD,1.0465
2025-02-24,CHF,0.9415
2025-02-24,GBP,0.8283
2025-02-24,USD,1.0466
2025-02-25,CHF,0.9386
2025-02-25,GBP,0.82908
2025-02-25,USD,1.0497
2025-02-26,CHF,0.9392
2025-02-26,GBP,0.82868
2025-02-26,USD,1.0487
2025-02-27,CHF,0.9407
2025-02-27,GBP,0.82673
2025-02-27,USD,1.0477
2025-02-28,CHF,0.9394
2025-02-28,GBP,0.82608
2025-02-28,USD,1.0411
2025-03-03,CHF,0.9428
2025-03-03,GBP,0.8253
2025-03-03,USD,1.0465
2025-03-04,CHF,0.9371
2025-03-04,GBP,0.82788
2025-03-04,USD,1.0557
2025-03-05,CHF,0.9514
2025-03-05,GBP,0.835
2025-03-05,USD,1.0694
2025-03-06,CHF,0.9565
2025-03-06,GBP,0.8379
2025-03-06,USD,1.0796
2025-03-07,CHF,0.9557
2025-03-07,GBP,0.84088
2025-03-07,USD,1.0857
2025-03-10,CHF,0.9512
2025-03-10,GBP,0.83849
2025-03-10,USD,1.0845
2025-03-11,CHF,0.9608
2025-03-11,GBP,0.84374
2025-03-11,USD,1.0912
2025-03-12,CHF,0.9619
2025-03-12,GBP,0.84078
2025-03-12,USD,1.0886
2025-03-13,CHF,0.9579
2025-03-13,GBP,0.83778
2025-03-13,USD,1.083
2025-03-14,CHF,0.9641
2025-03-14,GBP,0.84183
2025-03-14,USD,1.0889
2025-03-17,CHF,0.9616
2025-03-17,GBP,0.84026
2025-03-17,USD,1.0903
2025-03-18,CHF,0.9601
2025-03-18,GBP,0.84173
2025-03-18,USD,1.0918
2025-03-19,CHF,0.9583
2025-03-19,GBP,0.84078
2025-03-19,USD,1.0897
2025-03-20,CHF,0.9564
2025-03-20,GBP,0.8369
2025-03-20,USD,1.0833
2025-03-21,CHF,0.9547
2025-03-21,GBP,0.83765
2025-03-21,USD,1.0827
2025-03-24,CHF,0.9544
2025-03-24,GBP,0.83663
2025-03-24,USD,1.0824
2025-03-25,CHF,0.9539
2025-03-25,GBP,0.83565
2025-03-25,USD,1.0825
2025-03-26,CHF,0.9532
2025-03-26,GBP,0.83623
2025-03-26,USD,1.0788
2025-03-27,CHF,0.9524
2025-03-27,GBP,0.83318
2025-03-27,USD,1.0785
2025-03-28,CHF,0.9525
2025-03-28,GBP,0.83358
2025-03-28,USD,1.0797
2025-03-31,CHF,0.9531
2025-03-31,GBP,0.83536
2025-03-31,USD,1.0815
2025-04-01,CHF,0.952
2025-04-01,GBP,0.83665
2025-04-01,USD,1.0788
2025-04-02,CHF,0.9543
2025-04-02,GBP,0.83455
2025-04-02,USD,1.0803
2025-04-03,CHF,0.9538
2025-04-03,GBP,0.84163
2025-04-03,USD,1.1097
2025-04-04,CHF,0.9407
2025-04-04,GBP,0.84985
2025-04-04,USD,1.1057
2025-04-07,CHF,0.9377
2025-04-07,GBP,0.85588
2025-04-07,USD,1.0967
2025-04-08,CHF,0.9349
2025-04-08,GBP,0.85644
2025-04-08,USD,1.095
2025-04-09,CHF,0.9278
2025-04-09,GBP,0.86435
2025-04-09,USD,1.1045
2025-04-10,CHF,0.9299
2025-04-10,GBP,0.85755
2025-04-10,USD,1.1082
2025-04-11,CHF,0.9252
2025-04-11,GBP,0.86678
2025-04-11,USD,1.1346
2025-04-14,CHF,0.9329
2025-04-14,GBP,0.86383
2025-04-14,USD,1.1377
2025-04-15,CHF,0.9242
2025-04-15,GBP,0.8557
2025-04-15,USD,1.1324
2025-04-16,CHF,0.926
2025-04-16,GBP,0.85618
2025-04-16,USD,1.1355
2025-04-17,CHF,0.9291
2025-04-17,GBP,0.85873
2025-04-17,USD,1.136
2025-04-22,CHF,0.9318
2025-04-22,GBP,0.85858
2025-04-22,USD,1.1476
2025-04-23,CHF,0.9382
2025-04-23,GBP,0.85793
2025-04-23,USD,1.1415
2025-04-24,CHF,0.9392
2025-04-24,GBP,0.855
2025-04-24,USD,1.1376
2025-04-25,CHF,0.9421
2025-04-25,GBP,0.8531
2025-04-25,USD,1.1357
2025-04-28,CHF,0.942
2025-04-28,GBP,0.8514
2025-04-28,USD,1.1358
2025-04-29,CHF,0.9392
2025-04-29,GBP,0.8498
2025-04-29,USD,1.1373
2025-04-30,CHF,0.9389
2025-04-30,GBP,0.8518
2025-04-30,USD,1.1373
2025-05-02,CHF,0.9343
2025-05-02,GBP,0.8533
2025-05-02,USD,1.1343
2025-05-05,CHF,0.9336
2025-05-05,GBP,0.8515
2025-05-05,USD,1.1343
2025-05-06,CHF,0.9346
2025-05-06,GBP,0.8469
2025-05-06,USD,1.1325
2025-05-07,CHF,0.9359
2025-05-07,GBP,0.8511
2025-05-07,USD,1.136
2025-05-08,CHF,0.9325
2025-05-08,GBP,0.8476
2025-05-08,USD,1.1297
2025-05-09,CHF,0.9353
2025-05-09,GBP,0.8477
2025-05-09,USD,1.1252
2025-05-12,CHF,0.9369
2025-05-12,GBP,0.8429
2025-05-12,USD,1.1106
2025-05-13,CHF,0.9358
2025-05-13,GBP,0.8406
2025-05-13,USD,1.1112
2025-05-14,CHF,0.939
2025-05-14,GBP,0.8415
2025-05-14,USD,1.1214
2025-05-15,CHF,0.9377
2025-05-15,GBP,0.8424
2025-05-15,USD,1.1185
2025-05-16,CHF,0.9381
2025-05-16,GBP,0.8427
2025-05-16,USD,1.1194
2025-05-19,CHF,0.9394
2025-05-19,GBP,0.8419
2025-05-19,USD,1.1262
2025-05-20,CHF,0.9366
2025-05-20,GBP,0.8418
2025-05-20,USD,1.1241
2025-05-21,CHF,0.9352
2025-05-21,GBP,0.8446
2025-05-21,USD,1.1321
2025-05-22,CHF,0.9343
2025-05-22,GBP,0.8427
2025-05-22,USD,1.1309
2025-05-23,CHF,0.9299
2025-05-23,GBP,0.8382
2025-05-23,USD,1.1301
2025-05-26,CHF,0.9356
2025-05-26,GBP,0.8392
2025-05-26,USD,1.1381
2025-05-27,CHF,0.9386
2025-05-27,GBP,0.8381
2025-05-27,USD,1.1356
2025-05-28,CHF,0.9364
2025-05-28,GBP,0.8398
2025-05-28,USD,1.1317
2025-05-29,CHF,0.9339
2025-05-29,GBP,0.8377
2025-05-29,USD,1.1281
2025-05-30,CHF,0.9341
2025-05-30,GBP,0.8412
2025-05-30,USD,1.1339
2025-06-02,CHF,0.9336
2025-06-02,GBP,0.8434
2025-06-02,USD,1.1419
2025-06-03,CHF,0.9358
2025-06-03,GBP,0.8436
2025-06-03,USD,1.1386
2025-06-04,CHF,0.937
2025-06-04,GBP,0.8421
2025-06-04,USD,1.1384
2025-06-05,CHF,0.9365
2025-06-05,GBP,0.8419
2025-06-05,USD,1.1423
2025-06-06,CHF,0.9383
2025-06-06,GBP,0.8426
2025-06-06,USD,1.1411
2025-06-09,CHF,0.9369
2025-06-09,GBP,0.8424
2025-06-09,USD,1.141
2025-06-10,CHF,0.9389
2025-06-10,GBP,0.8464
2025-06-10,USD,1.1429
2025-06-11,CHF,0.9405
2025-06-11,GBP,0.8476
2025-06-11,USD,1.1433
2025-06-12,CHF,0.9427
2025-06-12,GBP,0.8538
2025-06-12,USD,1.1594
2025-06-13,CHF,0.9359
2025-06-13,GBP,0.8505
2025-06-13,USD,1.1512
2025-06-16,CHF,0.9393
2025-06-16,GBP,0.8523
2025-06-16,USD,1.1574
2025-06-17,CHF,0.9406
2025-06-17,GBP,0.8525
2025-06-17,USD,1.1568
2025-06-18,CHF,0.9403
2025-06-18,GBP,0.8552
2025-06-18,USD,1.1508
2025-06-19,CHF,0.9389
2025-06-19,GBP,0.8541
2025-06-19,USD,1.1478
2025-06-20,CHF,0.9415
2025-06-20,GBP,0.8537
2025-06-20,USD,1.1515
2025-06-23,CHF,0.9387
2025-06-23,GBP,0.8567
2025-06-23,USD,1.1472
2025-06-24,CHF,0.9387
2025-06-24,GBP,0.8527
2025-06-24,USD,1.1607
2025-06-25,CHF,0.9361
2025-06-25,GBP,0.8526
2025-06-25,USD,1.1598
2025-06-26,CHF,0.9379
2025-06-26,GBP,0.8535
2025-06-26,USD,1.1695
2025-06-27,CHF,0.9359
2025-06-27,GBP,0.8529
2025-06-27,USD,1.1704
2025-06-30,CHF,0.9347
2025-06-30,GBP,0.8555
2025-06-30,USD,1.172
2025-07-01,CHF,0.9324
2025-07-01,GBP,0.8588
2025-07-01,USD,1.181
2025-07-02,CHF,0.933
2025-07-02,GBP,0.8605
2025-07-02,USD,1.1755
2025-07-03,CHF,0.9351
2025-07-03,GBP,0.8629
2025-07-03,USD,1.1782
2025-07-04,CHF,0.9346
2025-07-04,GBP,0.8625
2025-07-04,USD,1.1767
2025-07-07,CHF,0.9354
2025-07-07,GBP,0.8611
2025-07-07,USD,1.1728
2025-07-08,CHF,0.9351
2025-07-08,GBP,0.8632
2025-07-08,USD,1.1718
2025-07-09,CHF,0.9325
2025-07-09,GBP,0.8613
2025-07-09,USD,1.1698
2025-07-10,CHF,0.932
2025-07-10,GBP,0.8627
2025-07-10,USD,1.1709
2025-07-11,CHF,0.931
2025-07-11,GBP,0.8657
2025-07-11,USD,1.1683
2025-07-14,CHF,0.9307
2025-07-14,GBP,0.8667
2025-07-14,USD,1.169
2025-07-15,CHF,0.9299
2025-07-15,GBP,0.8679
2025-07-15,USD,1.1665
2025-07-16,CHF,0.9326
2025-07-16,GBP,0.8659
2025-07-16,USD,1.1602
2025-07-17,CHF,0.9323
2025-07-17,GBP,0.8644
2025-07-17,USD,1.1579
2025-07-18,CHF,0.9324
2025-07-18,GBP,0.8656
2025-07-18,USD,1.165
2025-07-21,CHF,0.9325
2025-07-21,GBP,0.8656
2025-07-21,USD,1.1667
2025-07-22,CHF,0.9326
2025-07-22,GBP,0.8675
2025-07-22,USD,1.1699
2025-07-23,CHF,0.9306
2025-07-23,GBP,0.8665
2025-07-23,USD,1.1726
2025-07-24,CHF,0.9341
2025-07-24,GBP,0.8675
2025-07-24,USD,1.1756
2025-07-25,CHF,0.9343
2025-07-25,GBP,0.8715
2025-07-25,USD,1.1724
2025-07-28,CHF,0.9334
2025-07-28,GBP,0.8679
2025-07-28,USD,1.1654
2025-07-29,CHF,0.9305
2025-07-29,GBP,0.865
2025-07-29,USD,1.1533
2025-07-30,CHF,0.9301
2025-07-30,GBP,0.8622
2025-07-30,USD,1.1527
2025-07-31,CHF,0.9297
2025-07-31,GBP,0.8649
2025-07-31,USD,1.1446
2025-08-01,CHF,0.9312
2025-08-01,GBP,0.8665
2025-08-01,USD,1.1404
2025-08-04,CHF,0.9344
2025-08-04,GBP,0.8704
2025-08-04,USD,1.1565
2025-08-05,CHF,0.9347
2025-08-05,GBP,0.8693
2025-08-05,USD,1.1546
2025-08-06,CHF,0.9369
2025-08-06,GBP,0.8717
2025-08-06,USD,1.1604
2025-08-07,CHF,0.9413
2025-08-07,GBP,0.8673
2025-08-07,USD,1.1643
2025-08-08,CHF,0.941
2025-08-08,GBP,0.8671
2025-08-08,USD,1.1648
2025-08-11,CHF,0.943
2025-08-11,GBP,0.8656
2025-08-11,USD,1.1622
2025-08-12,CHF,0.9418
2025-08-12,GBP,0.8621
2025-08-12,USD,1.1606
2025-08-13,CHF,0.9409
2025-08-13,GBP,0.8631
2025-08-13,USD,1.1711
2025-08-14,CHF,0.9415
2025-08-14,GBP,0.861
2025-08-14,USD,1.169
2025-08-15,CHF,0.9418
2025-08-15,GBP,0.8622
2025-08-15,USD,1.1688
2025-08-18,CHF,0.9423
2025-08-18,GBP,0.8621
2025-08-18,USD,1.1673
2025-08-19,CHF,0.9409
2025-08-19,GBP,0.864
2025-08-19,USD,1.1682
2025-08-20,CHF,0.9403
2025-08-20,GBP,0.8645
2025-08-20,USD,1.1651
2025-08-21,CHF,0.9389
2025-08-21,GBP,0.8654
2025-08-21,USD,1.1639
2025-08-22,CHF,0.9383
2025-08-22,GBP,0.8653
2025-08-22,USD,1.1608
2025-08-25,CHF,0.9385
2025-08-25,GBP,0.8659
2025-08-25,USD,1.1697
2025-08-26,CHF,0.9376
2025-08-26,GBP,0.8642
2025-08-26,USD,1.1656
2025-08-27,CHF,0.935
2025-08-27,GBP,0.8626
2025-08-27,USD,1.1593
2025-08-28,CHF,0.9353
2025-08-28,GBP,0.8637
2025-08-28,USD,1.1676
2025-08-29,CHF,0.9364
2025-08-29,GBP,0.8668
2025-08-29,USD,1.1658
2025-09-01,CHF,0.9383
2025-09-01,GBP,0.8662
2025-09-01,USD,1.1715
2025-09-02,CHF,0.9366
2025-09-02,GBP,0.8702
2025-09-02,USD,1.1646
2025-09-03,CHF,0.9374
2025-09-03,GBP,0.8687
2025-09-03,USD,1.1653
2025-09-04,CHF,0.9383
2025-09-04,GBP,0.8663
2025-09-04,USD,1.1647
2025-09-05,CHF,0.939
2025-09-05,GBP,0.8678
2025-09-05,USD,1.1697
2025-09-08,CHF,0.9328
2025-09-08,GBP,0.8669
2025-09-08,USD,1.1728
2025-09-09,CHF,0.9331
2025-09-09,GBP,0.8663
2025-09-09,USD,1.1744
2025-09-10,CHF,0.9338
2025-09-10,GBP,0.865
2025-09-10,USD,1.1707
2025-09-11,CHF,0.9346
2025-09-11,GBP,0.8647
2025-09-11,USD,1.1685
2025-09-12,CHF,0.9347
2025-09-12,GBP,0.8653
2025-09-12,USD,1.1718
2025-09-15,CHF,0.9353
2025-09-15,GBP,0.8641
2025-09-15,USD,1.1766
2025-09-16,CHF,0.9336
2025-09-16,GBP,0.8656
2025-09-16,USD,1.1807
2025-09-17,CHF,0.9317
2025-09-17,GBP,0.8675
2025-09-17,USD,1.1837
2025-09-18,CHF,0.9331
2025-09-18,GBP,0.868
2025-09-18,USD,1.1818
2025-09-19,CHF,0.9344
2025-09-19,GBP,0.8708
2025-09-19,USD,1.1736
2025-09-22,CHF,0.9348
2025-09-22,GBP,0.8729
2025-09-22,USD,1.1781
2025-09-23,CHF,0.9344
2025-09-23,GBP,0.8729
2025-09-23,USD,1.1793
2025-09-24,CHF,0.9335
2025-09-24,GBP,0.8731
2025-09-24,USD,1.1756
2025-09-25,CHF,0.9344
2025-09-25,GBP,0.8748
2025-09-25,USD,1.1739
2025-09-26,CHF,0.9332
2025-09-26,GBP,0.874
2025-09-26,USD,1.1672
2025-09-29,CHF,0.9357
2025-09-29,GBP,0.8723
2025-09-29,USD,1.1723
2025-09-30,CHF,0.9364
2025-09-30,GBP,0.8734
2025-09-30,USD,1.1741
2025-10-01,CHF,0.9365
2025-10-01,GBP,0.8704
2025-10-01,USD,1.1724
2025-10-02,CHF,0.935
2025-10-02,GBP,0.8721
2025-10-02,USD,1.1754
2025-10-03,CHF,0.9343
2025-10-03,GBP,0.8726
2025-10-03,USD,1.1734
2025-10-06,CHF,0.9314
2025-10-06,GBP,0.8695
2025-10-06,USD,1.1678
2025-10-07,CHF,0.9314
2025-10-07,GBP,0.8703
2025-10-07,USD,1.1666
2025-10-08,CHF,0.9305
2025-10-08,GBP,0.8671
2025-10-08,USD,1.1627
2025-10-09,CHF,0.9309
2025-10-09,GBP,0.8683
2025-10-09,USD,1.1611
2025-10-10,CHF,0.9324
2025-10-10,GBP,0.8709
2025-10-10,USD,1.1568
2025-10-13,CHF,0.9304
2025-10-13,GBP,0.8677
2025-10-13,USD,1.1569
2025-10-14,CHF,0.9296
2025-10-14,GBP,0.8712
2025-10-14,USD,1.1553
2025-10-15,CHF,0.9305
2025-10-15,GBP,0.8705
2025-10-15,USD,1.1622
2025-10-16,CHF,0.9302
2025-10-16,GBP,0.8676
2025-10-16,USD,1.1649
2025-10-17,CHF,0.9257
2025-10-17,GBP,0.8695
2025-10-17,USD,1.1681
2025-10-20,CHF,0.9239
2025-10-20,GBP,0.8691
2025-10-20,USD,1.1655
2025-10-21,CHF,0.923
2025-10-21,GBP,0.8678
2025-10-21,USD,1.1607
2025-10-22,CHF,0.9228
2025-10-22,GBP,0.8689
2025-10-22,USD,1.1587
2025-10-23,CHF,0.9249
2025-10-23,GBP,0.8691
2025-10-23,USD,1.1593
2025-10-24,CHF,0.9248
2025-10-24,GBP,0.8726
2025-10-24,USD,1.1612
2025-10-27,CHF,0.9264
2025-10-27,GBP,0.8721
2025-10-27,USD,1.164
2025-10-28,CHF,0.9262
2025-10-28,GBP,0.876
2025-10-28,USD,1.163
2025-10-29,CHF,0.9278
2025-10-29,GBP,0.8807
2025-10-29,USD,1.1636
2025-10-30,CHF,0.9281
2025-10-30,GBP,0.8801
2025-10-30,USD,1.155
2025-10-31,CHF,0.9287
2025-10-31,GBP,0.8816
2025-10-31,USD,1.1554
2025-11-03,CHF,0.9298
2025-11-03,GBP,0.8765
2025-11-03,USD,1.1514
2025-11-04,CHF,0.9295
2025-11-04,GBP,0.8795
2025-11-04,USD,1.1491
2025-11-05,CHF,0.9307
2025-11-05,GBP,0.881
2025-11-05,USD,1.1492
2025-11-06,CHF,0.9316
2025-11-06,GBP,0.8807
2025-11-06,USD,1.1533
2025-11-07,CHF,0.9312
2025-11-07,GBP,0.8811
2025-11-07,USD,1.1561
2025-11-10,CHF,0.9318
2025-11-10,GBP,0.8778
2025-11-10,USD,1.1571
2025-11-11,CHF,0.9278
2025-11-11,GBP,0.8804
2025-11-11,USD,1.1575
2025-11-12,CHF,0.925
2025-11-12,GBP,0.8823
2025-11-12,USD,1.1576
2025-11-13,CHF,0.9244
2025-11-13,GBP,0.8819
2025-11-13,USD,1.1619
2025-11-14,CHF,0.9185
2025-11-14,GBP,0.8846
2025-11-14,USD,1.1648
2025-11-17,CHF,0.9225
2025-11-17,GBP,0.8795
2025-11-17,USD,1.1593
2025-11-18,CHF,0.9233
2025-11-18,GBP,0.8821
2025-11-18,USD,1.159
2025-11-19,CHF,0.9284
2025-11-19,GBP,0.8827
2025-11-19,USD,1.1583
2025-11-20,CHF,0.9294
2025-11-20,GBP,0.8815
2025-11-20,USD,1.1514
2025-11-21,CHF,0.9289
2025-11-21,GBP,0.8803
2025-11-21,USD,1.152
2025-11-24,CHF,0.9324
2025-11-24,GBP,0.8804
2025-11-24,USD,1.1544
2025-11-25,CHF,0.9345
2025-11-25,GBP,0.8788
2025-11-25,USD,1.1551
2025-11-26,CHF,0.9341
2025-11-26,GBP,0.8776
2025-11-26,USD,1.1577
2025-11-27,CHF,0.9337
2025-11-27,GBP,0.8754
2025-11-27,USD,1.1586
2025-11-28,CHF,0.9318
2025-11-28,GBP,0.8752
2025-11-28,USD,1.1566
2025-12-01,CHF,0.9323
2025-12-01,GBP,0.8778
2025-12-01,USD,1.1646
2025-12-02,CHF,0.9346
2025-12-02,GBP,0.8796
2025-12-02,USD,1.1614
2025-12-03,CHF,0.9336
2025-12-03,GBP,0.8766
2025-12-03,USD,1.1668
2025-12-04,CHF,0.934
2025-12-04,GBP,0.8745
2025-12-04,USD,1.1666
2025-12-05,CHF,0.9365
2025-12-05,GBP,0.8727
2025-12-05,USD,1.1645
2025-12-08,CHF,0.9388
2025-12-08,GBP,0.8746
2025-12-08,USD,1.1655
2025-12-09,CHF,0.9385
2025-12-09,GBP,0.8735
2025-12-09,USD,1.1637
2025-12-10,CHF,0.9356
2025-12-10,GBP,0.8741
2025-12-10,USD,1.1634
2025-12-11,CHF,0.9333
2025-12-11,GBP,0.8751
2025-12-11,USD,1.1714
2025-12-12,CHF,0.9333
2025-12-12,GBP,0.8767
2025-12-12,USD,1.1731
2025-12-15,CHF,0.9355
2025-12-15,GBP,0.8779
2025-12-15,USD,1.1753
2025-12-16,CHF,0.9351
2025-12-16,GBP,0.8764
2025-12-16,USD,1.1776
2025-12-17,CHF,0.9332
2025-12-17,GBP,0.8785
2025-12-17,USD,1.1722
2025-12-18,CHF,0.9316
2025-12-18,GBP,0.8746
2025-12-18,USD,1.1719
2025-12-19,CHF,0.9318
2025-12-19,GBP,0.876
2025-12-19,USD,1.1712
2025-12-22,CHF,0.9316
2025-12-22,GBP,0.8742
2025-12-22,USD,1.1745
2025-12-23,CHF,0.9287
2025-12-23,GBP,0.8729
2025-12-23,USD,1.1786
2025-12-24,CHF,0.9284
2025-12-24,GBP,0.8729
2025-12-24,USD,1.1787
2025-12-29,CHF,0.9293
2025-12-29,GBP,0.8726
2025-12-29,USD,1.1766
2025-12-30,CHF,0.9293
2025-12-30,GBP,0.8712
2025-12-30,USD,1.1757
2025-12-31,CHF,0.9314
2025-12-31,GBP,0.8726
2025-12-31,USD,1.175
2026-01-02,CHF,0.9296
2026-01-02,GBP,0.8719
2026-01-02,USD,1.1721
2026-01-05,CHF,0.9289
2026-01-05,GBP,0.8676
2026-01-05,USD,1.1664
2026-01-06,CHF,0.9287
2026-01-06,GBP,0.8663
2026-01-06,USD,1.1707
2026-01-07,CHF,0.9304
2026-01-07,GBP,0.8664
2026-01-07,USD,1.1684
2026-01-08,CHF,0.9312
2026-01-08,GBP,0.8687
2026-01-08,USD,1.1675
2026-01-09,CHF,0.9314
2026-01-09,GBP,0.8677
2026-01-09,USD,1.1642
2026-01-12,CHF,0.9313
2026-01-12,GBP,0.8674
2026-01-12,USD,1.1692
2026-01-13,CHF,0.9311
2026-01-13,GBP,0.866
2026-01-13,USD,1.1654
2026-01-14,CHF,0.9333
2026-01-14,GBP,0.8668
2026-01-14,USD,1.1651
2026-01-15,CHF,0.9314
2026-01-15,GBP,0.8674
2026-01-15,USD,1.1624
2026-01-16,CHF,0.9313
2026-01-16,GBP,0.867
2026-01-16,USD,1.1617
2026-01-19,CHF,0.9282
2026-01-19,GBP,0.8671
2026-01-19,USD,1.1631
2026-01-20,CHF,0.9268
2026-01-20,GBP,0.8722
2026-01-20,USD,1.1728
2026-01-21,CHF,0.9268
2026-01-21,GBP,0.8744
2026-01-21,USD,1.1739
2026-01-22,CHF,0.9283
2026-01-22,GBP,0.8722
2026-01-22,USD,1.1706
2026-01-23,CHF,0.9277
2026-01-23,GBP,0.8681
2026-01-23,USD,1.1742
2026-01-26,CHF,0.9223
2026-01-26,GBP,0.8675
2026-01-26,USD,1.1836
2026-01-27,CHF,0.9197
2026-01-27,GBP,0.8683
2026-01-27,USD,1.1929
2026-01-28,CHF,0.9188
2026-01-28,GBP,0.8685
2026-01-28,USD,1.1974
2026-01-29,CHF,0.9182
2026-01-29,GBP,0.8662
2026-01-29,USD,1.1968
2026-01-30,CHF,0.9157
2026-01-30,GBP,0.8662
2026-01-30,USD,1.1919
2026-02-02,CHF,0.9199
2026-02-02,GBP,0.8658
2026-02-02,USD,1.184
2026-02-03,CHF,0.9173
2026-02-03,GBP,0.8623
2026-02-03,USD,1.1801
2026-02-04,CHF,0.9168
2026-02-04,GBP,0.8616
2026-02-04,USD,1.182
2026-02-05,CHF,0.9161
2026-02-05,GBP,0.8691
2026-02-05,USD,1.1798
2026-02-06,CHF,0.9175
2026-02-06,GBP,0.8679
2026-02-06,USD,1.1794
2026-02-09,CHF,0.915
2026-02-09,GBP,0.8701
2026-02-09,USD,1.1886
2026-02-10,CHF,0.9123
2026-02-10,GBP,0.8695
2026-02-10,USD,1.1894
2026-02-11,CHF,0.9136
2026-02-11,GBP,0.8699
2026-02-11,USD,1.19
2026-02-12,CHF,0.9142
2026-02-12,GBP,0.8711
2026-02-12,USD,1.1874
2026-02-13,CHF,0.9121
2026-02-13,GBP,0.8716
2026-02-13,USD,1.1862
2026-02-16,CHF,0.9129
2026-02-16,GBP,0.869
2026-02-16,USD,1.1855
2026-02-17,CHF,0.9116
2026-02-17,GBP,0.8733
2026-02-17,USD,1.1826
2026-02-18,CHF,0.9124
2026-02-18,GBP,0.8724
2026-02-18,USD,1.1845
2026-02-19,CHF,0.9119
2026-02-19,GBP,0.8738
2026-02-19,USD,1.1753
2026-02-20,CHF,0.9132
2026-02-20,GBP,0.8728
2026-02-20,USD,1.1767
2026-02-23,CHF,0.9145
2026-02-23,GBP,0.8734
2026-02-23,USD,1.1784
2026-02-24,CHF,0.912
2026-02-24,GBP,0.8731
2026-02-24,USD,1.1777
2026-02-25,CHF,0.913
2026-02-25,GBP,0.8714
2026-02-25,USD,1.1784
2026-02-26,CHF,0.914
2026-02-26,GBP,0.8719
2026-02-26,USD,1.1814
2026-02-27,CHF,0.9104
2026-02-27,GBP,0.8763
2026-02-27,USD,1.1805
2026-03-02,CHF,0.9117
2026-03-02,GBP,0.8739
2026-03-02,USD,1.1698
2026-03-03,CHF,0.9107
2026-03-03,GBP,0.8717
2026-03-03,USD,1.1606
2026-03-04,CHF,0.9082
2026-03-04,GBP,0.8705
2026-03-04,USD,1.1649
2026-03-05,CHF,0.9064
2026-03-05,GBP,0.8695
2026-03-05,USD,1.1618
2026-03-06,CHF,0.9045
2026-03-06,GBP,0.86693
2026-03-06,USD,1.1561
2026-03-09,CHF,0.9008
2026-03-09,GBP,0.8653
2026-03-09,USD,1.1555
2026-03-10,CHF,0.9027
2026-03-10,GBP,0.86545
2026-03-10,USD,1.1641
2026-03-11,CHF,0.9031
2026-03-11,GBP,0.86363
2026-03-11,USD,1.1581
2026-03-12,CHF,0.9028
2026-03-12,GBP,0.86243
2026-03-12,USD,1.1547
2026-03-13,CHF,0.9034
2026-03-13,GBP,0.86503
2026-03-13,USD,1.1476
2026-03-16,CHF,0.9041
2026-03-16,GBP,0.86408
2026-03-16,USD,1.1478
2026-03-17,CHF,0.9068
2026-03-17,GBP,0.8643
2026-03-17,USD,1.1531
2026-03-18,CHF,0.9073
2026-03-18,GBP,0.86393
2026-03-18,USD,1.15
2026-03-19,CHF,0.9121
2026-03-19,GBP,0.86388
2026-03-19,USD,1.1489
2026-03-20,CHF,0.9096
2026-03-20,GBP,0.86438
2026-03-20,USD,1.1555
2026-03-23,CHF,0.9124
2026-03-23,GBP,0.8642
2026-03-23,USD,1.1596
2026-03-24,CHF,0.9145
2026-03-24,GBP,0.86541
2026-03-24,USD,1.1572
2026-03-25,CHF,0.9153
2026-03-25,GBP,0.86558
2026-03-25,USD,1.1592
2026-03-26,CHF,0.9151
2026-03-26,GBP,0.86515
2026-03-26,USD,1.1539
2026-03-27,CHF,0.9178
2026-03-27,GBP,0.8672
2026-03-27,USD,1.1517
2026-03-30,CHF,0.9187
2026-03-30,GBP,0.86803
2026-03-30,USD,1.1484
2026-03-31,CHF,0.9194
2026-03-31,GBP,0.86833
2026-03-31,USD,1.1498
2026-04-01,CHF,0.9191
2026-04-01,GBP,0.87113
2026-04-01,USD,1.1605
2026-04-02,CHF,0.9213
2026-04-02,GBP,0.87253
2026-04-02,USD,1.1525
2026-04-07,CHF,0.9242
2026-04-07,GBP,0.87258
2026-04-07,USD,1.1557
2026-04-08,CHF,0.9223
2026-04-08,GBP,0.86893
2026-04-08,USD,1.1706
2026-04-09,CHF,0.924
2026-04-09,GBP,0.87053
2026-04-09,USD,1.1685
2026-04-10,CHF,0.9241
2026-04-10,GBP,0.87105
2026-04-10,USD,1.1711
2026-04-13,CHF,0.9242
2026-04-13,GBP,0.87058
2026-04-13,USD,1.1684
2026-04-14,CHF,0.921
2026-04-14,GBP,0.86913
2026-04-14,USD,1.1793
2026-04-15,CHF,0.922
2026-04-15,GBP,0.86935
2026-04-15,USD,1.178
2026-04-16,CHF,0.923
2026-04-16,GBP,0.86993
2026-04-16,USD,1.1782
2026-04-17,CHF,0.9231
2026-04-17,GBP,0.87168
2026-04-17,USD,1.1797
2026-04-20,CHF,0.9189
2026-04-20,GBP,0.87045
2026-04-20,USD,1.176
2026-04-21,CHF,0.9172
2026-04-21,GBP,0.87035
2026-04-21,USD,1.1767
2026-04-22,CHF,0.9175
2026-04-22,GBP,0.86903
2026-04-22,USD,1.1733
2026-04-23,CHF,0.9177
2026-04-23,GBP,0.86575
2026-04-23,USD,1.1694
2026-04-24,CHF,0.9199
2026-04-24,GBP,0.86803
2026-04-24,USD,1.1712
2026-04-27,CHF,0.921
2026-04-27,GBP,0.8658
2026-04-27,USD,1.1749
2026-04-28,CHF,0.9238
2026-04-28,GBP,0.86715
2026-04-28,USD,1.168
2026-04-29,CHF,0.9236
2026-04-29,GBP,0.86643
2026-04-29,USD,1.1706
2026-04-30,CHF,0.919
2026-04-30,GBP,0.86625
2026-04-30,USD,1.1702
2026-05-04,CHF,0.9173
2026-05-04,GBP,0.86358
2026-05-04,USD,1.17
2026-05-05,CHF,0.9165
2026-05-05,GBP,0.86343
2026-05-05,USD,1.1686
2026-05-06,CHF,0.9165
2026-05-06,GBP,0.8637
2026-05-06,USD,1.1762
2026-05-07,CHF,0.9157
2026-05-07,GBP,0.8641
2026-05-07,USD,1.177
2026-05-08,CHF,0.9156
2026-05-08,GBP,0.8641
2026-05-08,USD,1.1761
2026-05-11,CHF,0.9163
2026-05-11,GBP,0.86488
2026-05-11,USD,1.1765
2026-05-12,CHF,0.9172
2026-05-12,GBP,0.86803
2026-05-12,USD,1.1738
2026-05-13,CHF,0.9155
2026-05-13,GBP,0.86713
2026-05-13,USD,1.1715
2026-05-14,CHF,0.915
2026-05-14,GBP,0.86618
2026-05-14,USD,1.1702
2026-05-15,CHF,0.9144
2026-05-15,GBP,0.8705
2026-05-15,USD,1.1628
2026-05-18,CHF,0.9144
2026-05-18,GBP,0.8702
2026-05-18,USD,1.1648
2026-05-19,CHF,0.915
2026-05-19,GBP,0.86671
2026-05-19,USD,1.162
2026-05-20,CHF,0.9165
2026-05-20,GBP,0.86555
2026-05-20,USD,1.16
2026-05-21,CHF,0.9145
2026-05-21,GBP,0.86433
2026-05-21,USD,1.1599
2026-05-22,CHF,0.9119
2026-05-22,GBP,0.86418
2026-05-22,USD,1.1595
2026-05-25,CHF,0.9099
2026-05-25,GBP,0.86255
2026-05-25,USD,1.1643
2026-05-26,CHF,0.9136
2026-05-26,GBP,0.86375
2026-05-26,USD,1.1634
2026-05-27,CHF,0.9153
2026-05-27,GBP,0.86618
2026-05-27,USD,1.1637
2026-05-28,CHF,0.9167
2026-05-28,GBP,0.86665
2026-05-28,USD,1.1617
2026-05-29,CHF,0.9111
2026-05-29,GBP,0.86723
2026-05-29,USD,1.1644
2026-06-01,CHF,0.9128
2026-06-01,GBP,0.86493
2026-06-01,USD,1.1646
2026-06-02,CHF,0.9149
2026-06-02,GBP,0.86465
2026-06-02,USD,1.1649
2026-06-03,CHF,0.9167
2026-06-03,GBP,0.8637
2026-06-03,USD,1.1614
2026-06-04,CHF,0.9168
2026-06-04,GBP,0.8649
2026-06-04,USD,1.164
2026-06-05,CHF,0.9175
2026-06-05,GBP,0.86433
2026-06-05,USD,1.164
2026-06-08,CHF,0.9187
2026-06-08,GBP,0.8636
2026-06-08,USD,1.154
2026-06-09,CHF,0.9206
2026-06-09,GBP,0.8634
2026-06-09,USD,1.1573
2026-06-10,CHF,0.9222
2026-06-10,GBP,0.86228
2026-06-10,USD,1.1539
2026-06-11,CHF,0.9221
2026-06-11,GBP,0.8633
2026-06-11,USD,1.1537
2026-06-12,CHF,0.9217
2026-06-12,GBP,0.86305
2026-06-12,USD,1.1567
2026-06-15,CHF,0.9212
2026-06-15,GBP,0.86483
2026-06-15,USD,1.1607
2026-06-16,CHF,0.9224
2026-06-16,GBP,0.86471
2026-06-16,USD,1.1594
2026-06-17,CHF,0.9193
2026-06-17,GBP,0.86463
2026-06-17,USD,1.1591
2026-06-18,CHF,0.9218
2026-06-18,GBP,0.86638
2026-06-18,USD,1.1461
2026-06-19,CHF,0.9248
2026-06-19,GBP,0.86653
2026-06-19,USD,1.1467
2026-06-22,CHF,0.9257
2026-06-22,GBP,0.86468
2026-06-22,USD,1.1456
2026-06-23,CHF,0.9225
2026-06-23,GBP,0.862
2026-06-23,USD,1.1392
2026-06-24,CHF,0.9216
2026-06-24,GBP,0.86165
2026-06-24,USD,1.134
2026-06-25,CHF,0.9223
2026-06-25,GBP,0.86183
2026-06-25,USD,1.1342
2026-06-26,CHF,0.9218
2026-06-26,GBP,0.86253
2026-06-26,USD,1.1401
2026-06-29,CHF,0.9222
2026-06-29,GBP,0.86215
2026-06-29,USD,1.1406
2026-06-30,CHF,0.9224
2026-06-30,GBP,0.86178
2026-06-30,USD,1.1394
2026-07-01,CHF,0.9234
2026-07-01,GBP,0.85973
2026-07-01,USD,1.1383
2026-07-02,CHF,0.92
2026-07-02,GBP,0.85665
2026-07-02,USD,1.1399
2026-07-03,CHF,0.919
2026-07-03,GBP,0.8572
2026-07-03,USD,1.1448
2026-07-06,CHF,0.9201
2026-07-06,GBP,0.85538
2026-07-06,USD,1.1415
2026-07-07,CHF,0.9218
2026-07-07,GBP,0.85411
2026-07-07,USD,1.1433
2026-07-08,CHF,0.9222
2026-07-08,GBP,0.85435
2026-07-08,USD,1.1404
2026-07-09,CHF,0.9227
2026-07-09,GBP,0.85363
2026-07-09,USD,1.1435
2026-07-10,CHF,0.9223
2026-07-10,GBP,0.85155
2026-07-10,USD,1.143
2026-07-13,CHF,0.9253
2026-07-13,GBP,0.8533
2026-07-13,USD,1.1424
2026-07-14,CHF,0.9257
2026-07-14,GBP,0.85215
2026-07-14,USD,1.1405
2026-07-15,CHF,0.9256
2026-07-15,GBP,0.85093
2026-07-15,USD,1.1406
2026-07-16,CHF,0.925
2026-07-16,GBP,0.84873
2026-07-16,USD,1.1467
2026-07-17,CHF,0.9228
2026-07-17,GBP,0.85098
2026-07-17,USD,1.1435
2026-07-20,CHF,0.9236
2026-07-20,GBP,0.84888
2026-07-20,USD,1.1426
2026-07-21,CHF,0.9259
2026-07-21,GBP,0.85205
2026-07-21,USD,1.1418
2026-07-22,CHF,0.9268
2026-07-22,GBP,0.8534
2026-07-22,USD,1.1408
2026-07-23,CHF,0.9295
2026-07-23,GBP,0.85318
2026-07-23,USD,1.1392
2026-07-24,CHF,0.9302
2026-07-24,GBP,0.85388
2026-07-24,USD,1.1377
2026-07-27,CHF,0.9284
2026-07-27,GBP,0.85524
2026-07-27,USD,1.1389
2026-07-28,CHF,0.9319
2026-07-28,GBP,0.8555
2026-07-28,USD,1.1367
2026-07-29,CHF,0.9332
2026-07-29,GBP,0.85635
2026-07-29,USD,1.138
2026-07-30,CHF,0.9324
2026-07-30,GBP,0.85715
2026-07-30,USD,1.1476
2026-07-31,CHF,0.9304
2026-07-31,GBP,0.85573
2026-07-31,USD,1.1485
2026-08-03,CHF,0.932
2026-08-03,GBP,0.85633
2026-08-03,USD,1.1535
2026-08-04,CHF,0.9319
2026-08-04,GBP,0.85639
2026-08-04,USD,1.1515
2026-08-05,CHF,0.9345
2026-08-05,GBP,0.8572
2026-08-05,USD,1.1554
2026-08-06,CHF,0.9346
2026-08-06,GBP,0.85705
2026-08-06,USD,1.1542
2026-08-07,CHF,0.9347
2026-08-07,GBP,0.85765
2026-08-07,USD,1.1535
2026-08-10,CHF,0.934
2026-08-10,GBP,0.85565
2026-08-10,USD,1.1555
2026-08-11,CHF,0.9351
2026-08-11,GBP,0.85483
2026-08-11,USD,1.154
2026-08-12,CHF,0.9366
2026-08-12,GBP,0.85358
2026-08-12,USD,1.1545
2026-08-13,CHF,0.9373
2026-08-13,GBP,0.8549
2026-08-13,USD,1.1534
2026-08-14,CHF,0.939
2026-08-14,GBP,0.8545
2026-08-14,USD,1.1567
2026-08-17,CHF,0.9389
2026-08-17,GBP,0.855
2026-08-17,USD,1.1593
2026-08-18,CHF,0.9406
2026-08-18,GBP,0.85585
2026-08-18,USD,1.1576
2026-08-19,CHF,0.9402
2026-08-19,GBP,0.85608
2026-08-19,USD,1.1605
2026-08-20,CHF,0.9333
2026-08-20,GBP,0.85725
2026-08-20,USD,1.1681
2026-08-21,CHF,0.9353
2026-08-21,GBP,0.8567
2026-08-21,USD,1.1699
2026-08-24,CHF,0.9362
2026-08-24,GBP,0.8555
2026-08-24,USD,1.1664
2026-08-25,CHF,0.9361
2026-08-25,GBP,0.8555
2026-08-25,USD,1.1662
2026-08-26,CHF,0.938
2026-08-26,GBP,0.85613
2026-08-26,USD,1.1669
2026-08-27,CHF,0.9376
2026-08-27,GBP,0.8574
2026-08-27,USD,1.1645
2026-08-28,CHF,0.9364
2026-08-28,GBP,0.8572
2026-08-28,USD,1.1643
2026-08-31,CHF,0.9376
2026-08-31,GBP,0.85648
2026-08-31,USD,1.1596
2026-09-01,CHF,0.9394
2026-09-01,GBP,0.85655
2026-09-01,USD,1.159
2026-09-02,CHF,0.9424
2026-09-02,GBP,0.8587
2026-09-02,USD,1.1578
2026-09-03,CHF,0.939
2026-09-03,GBP,0.86055
2026-09-03,USD,1.1615
2026-09-04,CHF,0.9405
2026-09-04,GBP,0.85898
2026-09-04,USD,1.1622
2026-09-07,CHF,0.9405
2026-09-07,GBP,0.85894
2026-09-07,USD,1.1622
2026-09-08,CHF,0.9425
2026-09-08,GBP,0.8574
2026-09-08,USD,1.1614
2026-09-09,CHF,0.9404
2026-09-09,GBP,0.85898
2026-09-09,USD,1.1652
2026-09-10,CHF,0.9432
2026-09-10,GBP,0.85915
2026-09-10,USD,1.1616
2026-09-11,CHF,0.9451
2026-09-11,GBP,0.85815
2026-09-11,USD,1.1592
2026-09-14,CHF,0.9431
2026-09-14,GBP,0.85598
2026-09-14,USD,1.1551
2026-09-15,CHF,0.9441
2026-09-15,GBP,0.8558
2026-09-15,USD,1.1539
2026-09-16,CHF,0.9449
2026-09-16,GBP,0.8574
2026-09-16,USD,1.1537
2026-09-17,CHF,0.9466
2026-09-17,GBP,0.8583
2026-09-17,USD,1.1481
2026-09-18,CHF,0.9462
2026-09-18,GBP,0.8588
2026-09-18,USD,1.146
2026-09-21,CHF,0.9438
2026-09-21,GBP,0.8578
2026-09-21,USD,1.149
2026-09-22,CHF,0.9393
2026-09-22,GBP,0.8578
2026-09-22,USD,1.1463
2026-09-23,CHF,0.939
2026-09-23,GBP,0.8595
2026-09-23,USD,1.1411
2026-09-24,CHF,0.9409
2026-09-24,GBP,0.85986
2026-09-24,USD,1.1367
2026-09-25,CHF,0.9445
2026-09-25,GBP,0.86045
2026-09-25,USD,1.1403
